Urban,Name,Classic,Gender,Masculine,Mature,Usage,Refined,Strong
42,Oliver,79,Masculine,94,49,"[u'English', u'German', u'Swedish', u'Norwegian', u'Danish', u'Finnish', u'Estonian', u'Catalan', u'Serbian', u'Croatian', u'Macedonian', u'Czech', u'Slovak']",74,63
36,William,76,Masculine,95,69,[u'English'],75,80
38,Jack,67,Masculine,92,40,[u'English'],39,82
32,James,79,Masculine,93,70,"[u'English', u'Biblical']",74,83
60,Henry,77,Masculine,96,71,[u'English'],71,74
32,Thomas,62,Masculine,95,57,"[u'English', u'French', u'German', u'Dutch', u'Swedish', u'Norwegian', u'Danish', u'Greek', u'Biblical', u'Biblical Latin', u'Biblical Greek']",70,74
34,Lucas,42,Masculine,88,34,"[u'English', u'Dutch', u'French', u'Portuguese', u'Spanish', u'Swedish', u'Danish', u'Norwegian', u'Biblical Latin']",46,53
37,Ethan,49,Masculine,93,49,"[u'English', u'French', u'Biblical', u'Biblical Latin']",67,76
39,Alexander,72,Masculine,96,64,"[u'English', u'German', u'Dutch', u'Swedish', u'Norwegian', u'Danish', u'Icelandic', u'Hungarian', u'Slovak', u'Biblical', u'Ancient Greek (Latinized)', u'Greek Mythology (Latinized)']",69,81
37,Liam,54,Masculine,93,41,"[u'Irish', u'English', u'French (Modern)', u'Dutch (Modern)', u'Swedish (Modern)']",63,72
28,Lachlan,56,Masculine,94,51,"[u'Scottish', u'English (Australian)']",64,79
42,Harrison,65,Masculine,94,72,[u'English'],64,80
48,Leo,70,Masculine,95,49,"[u'German', u'Dutch', u'Swedish', u'Norwegian', u'Danish', u'Finnish', u'English', u'Croatian', u'Late Roman']",65,82
40,Isaac,78,Masculine,95,62,"[u'English', u'Spanish', u'Catalan', u'Jewish', u'Biblical', u'Biblical Latin']",68,83
31,Hunter,30,Masculine,86,38,[u'English'],25,88
31,Samuel,82,Masculine,93,66,"[u'English', u'French', u'German', u'Dutch', u'Spanish', u'Portuguese', u'Polish', u'Czech', u'Slovak', u'Swedish', u'Norwegian', u'Danish', u'Finnish', u'Jewish', u'Biblical']",67,77
29,Jacob,55,Masculine,95,52,"[u'English', u'Dutch', u'Swedish', u'Norwegian', u'Danish', u'Jewish', u'Biblical']",63,76
42,Mason,44,Masculine,92,43,[u'English'],51,79
24,Charlie,51,Masculine,64,33,[u'English'],66,56
34,Elijah,72,Masculine,84,62,"[u'English', u'Hebrew', u'Biblical']",59,69
40,Harry,74,Masculine,94,52,[u'English'],56,80
41,Levi,65,Masculine,92,51,"[u'Hebrew', u'English', u'Dutch', u'Biblical', u'Biblical Latin']",47,78
62,Xavier,65,Masculine,96,64,"[u'English', u'French', u'Portuguese', u'Catalan', u'Spanish (Archaic)']",64,80
53,Oscar,78,Masculine,96,68,"[u'English', u'Irish', u'Portuguese (Brazilian)', u'Italian', u'Swedish', u'Norwegian', u'Danish', u'Dutch', u'French', u'Irish Mythology']",60,80
26,Joshua,57,Masculine,91,55,"[u'English', u'Biblical']",67,79
41,Harvey,77,Masculine,97,70,[u'English'],49,82
58,Archie,66,Masculine,92,42,"[u'Scottish', u'English']",47,69
29,George,72,Masculine,94,64,"[u'English', u'Romanian']",70,80
42,Ryan,39,Masculine,82,38,"[u'Irish', u'English']",52,77
45,Cooper,41,Masculine,92,41,[u'English'],48,72
53,Max,42,Masculine,86,34,"[u'German', u'English', u'Swedish', u'Norwegian', u'Danish', u'Dutch', u'Czech', u'Russian']",47,81
47,Sebastian,80,Masculine,96,66,"[u'German', u'English', u'Swedish', u'Norwegian', u'Danish', u'Polish', u'Finnish', u'Romanian', u'Czech']",77,76
32,Benjamin,68,Masculine,94,59,"[u'English', u'French', u'German', u'Dutch', u'Danish', u'Swedish', u'Norwegian', u'Biblical']",70,70
45,Hudson,45,Masculine,91,64,[u'English'],48,85
39,Logan,38,Masculine,83,41,"[u'Scottish', u'English']",45,79
47,Theodore,88,Masculine,97,74,[u'English'],78,81
45,Jayden,24,Masculine,59,25,[u'English (Modern)'],58,53
35,Archer,37,Masculine,96,33,[u'English'],30,86
49,Hugo,71,Masculine,77,55,"[u'Spanish', u'Portuguese', u'English', u'Dutch', u'German', u'French', u'Swedish', u'Norwegian', u'Danish', u'Ancient Germanic (Latinized)']",56,68
34,Daniel,75,Masculine,91,60,"[u'English', u'Hebrew', u'French', u'German', u'Swedish', u'Norwegian', u'Danish', u'Polish', u'Czech', u'Slovak', u'Spanish', u'Portuguese', u'Romanian', u'Slovene', u'Bulgarian', u'Macedonian', u'Croatian', u'Armenian', u'Georgian', u'Biblical', u'Biblical Greek']",68,74
25,Adam,71,Masculine,94,60,"[u'English', u'French', u'German', u'Dutch', u'Swedish', u'Norwegian', u'Danish', u'Polish', u'Czech', u'Slovak', u'Russian', u'Ukrainian', u'Croatian', u'Serbian', u'Macedonian', u'Romanian', u'Catalan', u'Hebrew', u'Arabic', u'Georgian', u'Biblical', u'Biblical Latin', u'Biblical Greek', u'Biblical Hebrew']",66,80
44,Jackson,47,Masculine,94,47,[u'English'],48,82
35,Riley,36,Masculine,55,33,[u'English'],58,65
69,Jaxon,17,Masculine,94,27,[u'English (Modern)'],29,75
47,Joseph,52,Masculine,91,52,"[u'English', u'French', u'German', u'Biblical']",53,54
42,Arlo,36,Masculine,86,28,[u'English'],59,73
36,Edward,73,Masculine,96,66,"[u'English', u'Polish']",74,77
48,Lincoln,70,Masculine,94,81,[u'English'],65,86
46,Aiden,31,Masculine,87,31,[u'English (Modern)'],52,66
45,Ashton,38,Masculine,67,41,[u'English'],54,75
34,Matthew,72,Masculine,93,60,"[u'English', u'Biblical']",66,77
33,Michael,60,Masculine,95,54,"[u'English', u'German', u'Swedish', u'Norwegian', u'Danish', u'Dutch', u'Czech', u'Biblical', u'Biblical Latin', u'Biblical Greek']",69,77
34,Connor,49,Masculine,91,51,"[u'Irish', u'English (Modern)']",61,77
39,Tyler,31,Masculine,80,31,[u'English'],40,73
50,Zachary,54,Masculine,91,49,"[u'English', u'Biblical']",56,78
35,Gabriel,81,Masculine,92,60,"[u'French', u'Spanish', u'Portuguese', u'German', u'Swedish', u'Norwegian', u'Danish', u'Finnish', u'Catalan', u'English', u'Romanian', u'Polish', u'Czech', u'Slovak', u'Georgian', u'Biblical', u'Biblical Latin', u'Biblical Greek']",76,73
46,Muhammad,75,Masculine,82,75,"[u'Arabic', u'Urdu', u'Punjabi', u'Pashto', u'Bengali', u'Tajik', u'Indonesian', u'Malay', u'Avar']",47,70
42,Flynn,45,Masculine,87,30,[u'English'],51,73
31,Patrick,65,Masculine,92,59,"[u'Irish', u'English', u'French', u'German']",68,82
41,Austin,42,Masculine,87,54,[u'English'],56,79
33,Dylan,46,Masculine,75,41,"[u'Welsh', u'English', u'Welsh Mythology']",61,68
40,Christian,74,Masculine,89,65,"[u'English', u'French', u'German', u'Swedish', u'Norwegian', u'Danish']",69,77
36,Jasper,72,Masculine,87,52,"[u'English', u'Dutch', u'Judeo-Christian Legend']",63,71
34,Nicholas,74,Masculine,95,66,[u'English'],75,84
51,Louis,85,Masculine,96,65,"[u'French', u'English', u'Dutch']",72,71
43,Toby,50,Masculine,86,22,[u'English'],53,68
31,Hamish,86,Masculine,92,62,[u'Scottish'],54,82
44,Jordan,34,Masculine,65,35,"[u'English', u'French', u'Macedonian']",52,79
32,Beau,71,Masculine,84,51,[u'English'],71,71
56,Carter,36,Masculine,88,45,[u'English'],53,80
36,Charles,85,Masculine,95,79,"[u'English', u'French']",77,83
41,Darcy,64,Masculine,39,48,[u'English'],74,64
39,Isaiah,75,Masculine,94,65,"[u'English', u'Biblical']",68,78
48,Jake,36,Masculine,92,28,[u'English'],44,77
36,Aaron,69,Masculine,94,57,"[u'English', u'Jewish', u'Biblical', u'Biblical Latin', u'Biblical Greek']",61,77
30,John,83,Masculine,95,76,"[u'English', u'Swedish', u'Danish', u'Norwegian', u'Dutch', u'Biblical']",60,85
41,Marcus,78,Masculine,94,73,"[u'Ancient Roman', u'Biblical Latin', u'English', u'Swedish', u'Norwegian', u'Danish']",65,84
38,Luke,63,Masculine,94,43,"[u'English', u'Biblical']",62,75
35,Angus,78,Masculine,95,67,"[u'Scottish', u'Irish', u'English']",40,86
52,Felix,71,Masculine,93,40,"[u'German', u'Dutch', u'Swedish', u'Norwegian', u'Danish', u'English', u'Romanian', u'Ancient Roman', u'Biblical', u'Biblical Latin']",71,73
55,Arthur,80,Masculine,97,72,"[u'English', u'French', u'German', u'Dutch', u'Norwegian', u'Danish', u'Swedish', u'Welsh Mythology', u'Arthurian Romance']",73,78
44,Anthony,71,Masculine,94,67,[u'English'],67,78
30,Bodhi,0,Masculine,90,70,[u'English (Modern)'],70,90
31,Caleb,73,Masculine,90,59,"[u'English', u'Biblical']",62,79
32,Nathaniel,71,Masculine,95,67,"[u'English', u'Biblical']",73,76
46,Vincent,82,Masculine,96,76,"[u'English', u'French', u'Dutch', u'Danish', u'Swedish', u'Slovak']",73,78
46,Dominic,69,Masculine,96,59,[u'English'],65,77
51,Leon,71,Masculine,97,58,"[u'English', u'German', u'Polish', u'Slovene', u'Croatian', u'Dutch', u'Ancient Greek']",63,82
55,Nate,37,Masculine,89,28,[u'English'],58,69
62,Harley,28,Masculine,52,25,[u'English'],28,79
92,Nixon,50,Masculine,100,67,[u'English (Modern)'],17,83
42,Phoenix,41,Masculine,50,40,[u'English (Modern)'],54,79
42,Oliver,79,Masculine,94,49,"[u'English', u'German', u'Swedish', u'Norwegian', u'Danish', u'Finnish', u'Estonian', u'Catalan', u'Serbian', u'Croatian', u'Macedonian', u'Czech', u'Slovak']",74,63
36,William,76,Masculine,95,69,[u'English'],75,80
38,Jack,67,Masculine,92,40,[u'English'],39,82
32,James,79,Masculine,93,70,"[u'English', u'Biblical']",74,83
60,Henry,77,Masculine,96,71,[u'English'],71,74
32,Thomas,62,Masculine,95,57,"[u'English', u'French', u'German', u'Dutch', u'Swedish', u'Norwegian', u'Danish', u'Greek', u'Biblical', u'Biblical Latin', u'Biblical Greek']",70,74
34,Lucas,42,Masculine,88,34,"[u'English', u'Dutch', u'French', u'Portuguese', u'Spanish', u'Swedish', u'Danish', u'Norwegian', u'Biblical Latin']",46,53
37,Ethan,49,Masculine,93,49,"[u'English', u'French', u'Biblical', u'Biblical Latin']",67,76
39,Alexander,72,Masculine,96,64,"[u'English', u'German', u'Dutch', u'Swedish', u'Norwegian', u'Danish', u'Icelandic', u'Hungarian', u'Slovak', u'Biblical', u'Ancient Greek (Latinized)', u'Greek Mythology (Latinized)']",69,81
37,Liam,54,Masculine,93,41,"[u'Irish', u'English', u'French (Modern)', u'Dutch (Modern)', u'Swedish (Modern)']",63,72
28,Lachlan,56,Masculine,94,51,"[u'Scottish', u'English (Australian)']",64,79
42,Harrison,65,Masculine,94,72,[u'English'],64,80
48,Leo,70,Masculine,95,49,"[u'German', u'Dutch', u'Swedish', u'Norwegian', u'Danish', u'Finnish', u'English', u'Croatian', u'Late Roman']",65,82
40,Isaac,78,Masculine,95,62,"[u'English', u'Spanish', u'Catalan', u'Jewish', u'Biblical', u'Biblical Latin']",68,83
31,Hunter,30,Masculine,86,38,[u'English'],25,88
31,Samuel,82,Masculine,93,66,"[u'English', u'French', u'German', u'Dutch', u'Spanish', u'Portuguese', u'Polish', u'Czech', u'Slovak', u'Swedish', u'Norwegian', u'Danish', u'Finnish', u'Jewish', u'Biblical']",67,77
29,Jacob,55,Masculine,95,52,"[u'English', u'Dutch', u'Swedish', u'Norwegian', u'Danish', u'Jewish', u'Biblical']",63,76
42,Mason,44,Masculine,92,43,[u'English'],51,79
24,Charlie,51,Masculine,64,33,[u'English'],66,56
34,Elijah,72,Masculine,84,62,"[u'English', u'Hebrew', u'Biblical']",59,69
40,Harry,74,Masculine,94,52,[u'English'],56,80
41,Levi,65,Masculine,92,51,"[u'Hebrew', u'English', u'Dutch', u'Biblical', u'Biblical Latin']",47,78
62,Xavier,65,Masculine,96,64,"[u'English', u'French', u'Portuguese', u'Catalan', u'Spanish (Archaic)']",64,80
53,Oscar,78,Masculine,96,68,"[u'English', u'Irish', u'Portuguese (Brazilian)', u'Italian', u'Swedish', u'Norwegian', u'Danish', u'Dutch', u'French', u'Irish Mythology']",60,80
26,Joshua,57,Masculine,91,55,"[u'English', u'Biblical']",67,79
41,Harvey,77,Masculine,97,70,[u'English'],49,82
58,Archie,66,Masculine,92,42,"[u'Scottish', u'English']",47,69
29,George,72,Masculine,94,64,"[u'English', u'Romanian']",70,80
42,Ryan,39,Masculine,82,38,"[u'Irish', u'English']",52,77
45,Cooper,41,Masculine,92,41,[u'English'],48,72
53,Max,42,Masculine,86,34,"[u'German', u'English', u'Swedish', u'Norwegian', u'Danish', u'Dutch', u'Czech', u'Russian']",47,81
47,Sebastian,80,Masculine,96,66,"[u'German', u'English', u'Swedish', u'Norwegian', u'Danish', u'Polish', u'Finnish', u'Romanian', u'Czech']",77,76
32,Benjamin,68,Masculine,94,59,"[u'English', u'French', u'German', u'Dutch', u'Danish', u'Swedish', u'Norwegian', u'Biblical']",70,70
45,Hudson,45,Masculine,91,64,[u'English'],48,85
39,Logan,38,Masculine,83,41,"[u'Scottish', u'English']",45,79
47,Theodore,88,Masculine,97,74,[u'English'],78,81
45,Jayden,24,Masculine,59,25,[u'English (Modern)'],58,53
35,Archer,37,Masculine,96,33,[u'English'],30,86
49,Hugo,71,Masculine,77,55,"[u'Spanish', u'Portuguese', u'English', u'Dutch', u'German', u'French', u'Swedish', u'Norwegian', u'Danish', u'Ancient Germanic (Latinized)']",56,68
34,Daniel,75,Masculine,91,60,"[u'English', u'Hebrew', u'French', u'German', u'Swedish', u'Norwegian', u'Danish', u'Polish', u'Czech', u'Slovak', u'Spanish', u'Portuguese', u'Romanian', u'Slovene', u'Bulgarian', u'Macedonian', u'Croatian', u'Armenian', u'Georgian', u'Biblical', u'Biblical Greek']",68,74
25,Adam,71,Masculine,94,60,"[u'English', u'French', u'German', u'Dutch', u'Swedish', u'Norwegian', u'Danish', u'Polish', u'Czech', u'Slovak', u'Russian', u'Ukrainian', u'Croatian', u'Serbian', u'Macedonian', u'Romanian', u'Catalan', u'Hebrew', u'Arabic', u'Georgian', u'Biblical', u'Biblical Latin', u'Biblical Greek', u'Biblical Hebrew']",66,80
44,Jackson,47,Masculine,94,47,[u'English'],48,82
35,Riley,36,Masculine,55,33,[u'English'],58,65
69,Jaxon,17,Masculine,94,27,[u'English (Modern)'],29,75
47,Joseph,52,Masculine,91,52,"[u'English', u'French', u'German', u'Biblical']",53,54
42,Arlo,36,Masculine,86,28,[u'English'],59,73
36,Edward,73,Masculine,96,66,"[u'English', u'Polish']",74,77
48,Lincoln,70,Masculine,94,81,[u'English'],65,86
46,Aiden,31,Masculine,87,31,[u'English (Modern)'],52,66
45,Ashton,38,Masculine,67,41,[u'English'],54,75
34,Matthew,72,Masculine,93,60,"[u'English', u'Biblical']",66,77
33,Michael,60,Masculine,95,54,"[u'English', u'German', u'Swedish', u'Norwegian', u'Danish', u'Dutch', u'Czech', u'Biblical', u'Biblical Latin', u'Biblical Greek']",69,77
34,Connor,49,Masculine,91,51,"[u'Irish', u'English (Modern)']",61,77
39,Tyler,31,Masculine,80,31,[u'English'],40,73
50,Zachary,54,Masculine,91,49,"[u'English', u'Biblical']",56,78
35,Gabriel,81,Masculine,92,60,"[u'French', u'Spanish', u'Portuguese', u'German', u'Swedish', u'Norwegian', u'Danish', u'Finnish', u'Catalan', u'English', u'Romanian', u'Polish', u'Czech', u'Slovak', u'Georgian', u'Biblical', u'Biblical Latin', u'Biblical Greek']",76,73
46,Muhammad,75,Masculine,82,75,"[u'Arabic', u'Urdu', u'Punjabi', u'Pashto', u'Bengali', u'Tajik', u'Indonesian', u'Malay', u'Avar']",47,70
42,Flynn,45,Masculine,87,30,[u'English'],51,73
31,Patrick,65,Masculine,92,59,"[u'Irish', u'English', u'French', u'German']",68,82
41,Austin,42,Masculine,87,54,[u'English'],56,79
33,Dylan,46,Masculine,75,41,"[u'Welsh', u'English', u'Welsh Mythology']",61,68
40,Christian,74,Masculine,89,65,"[u'English', u'French', u'German', u'Swedish', u'Norwegian', u'Danish']",69,77
36,Jasper,72,Masculine,87,52,"[u'English', u'Dutch', u'Judeo-Christian Legend']",63,71
34,Nicholas,74,Masculine,95,66,[u'English'],75,84
51,Louis,85,Masculine,96,65,"[u'French', u'English', u'Dutch']",72,71
43,Toby,50,Masculine,86,22,[u'English'],53,68
31,Hamish,86,Masculine,92,62,[u'Scottish'],54,82
44,Jordan,34,Masculine,65,35,"[u'English', u'French', u'Macedonian']",52,79
32,Beau,71,Masculine,84,51,[u'English'],71,71
56,Carter,36,Masculine,88,45,[u'English'],53,80
36,Charles,85,Masculine,95,79,"[u'English', u'French']",77,83
41,Darcy,64,Masculine,39,48,[u'English'],74,64
39,Isaiah,75,Masculine,94,65,"[u'English', u'Biblical']",68,78
48,Jake,36,Masculine,92,28,[u'English'],44,77
36,Aaron,69,Masculine,94,57,"[u'English', u'Jewish', u'Biblical', u'Biblical Latin', u'Biblical Greek']",61,77
30,John,83,Masculine,95,76,"[u'English', u'Swedish', u'Danish', u'Norwegian', u'Dutch', u'Biblical']",60,85
41,Marcus,78,Masculine,94,73,"[u'Ancient Roman', u'Biblical Latin', u'English', u'Swedish', u'Norwegian', u'Danish']",65,84
38,Luke,63,Masculine,94,43,"[u'English', u'Biblical']",62,75
35,Angus,78,Masculine,95,67,"[u'Scottish', u'Irish', u'English']",40,86
52,Felix,71,Masculine,93,40,"[u'German', u'Dutch', u'Swedish', u'Norwegian', u'Danish', u'English', u'Romanian', u'Ancient Roman', u'Biblical', u'Biblical Latin']",71,73
55,Arthur,80,Masculine,97,72,"[u'English', u'French', u'German', u'Dutch', u'Norwegian', u'Danish', u'Swedish', u'Welsh Mythology', u'Arthurian Romance']",73,78
44,Anthony,71,Masculine,94,67,[u'English'],67,78
30,Bodhi,0,Masculine,90,70,[u'English (Modern)'],70,90
31,Caleb,73,Masculine,90,59,"[u'English', u'Biblical']",62,79
32,Nathaniel,71,Masculine,95,67,"[u'English', u'Biblical']",73,76
46,Vincent,82,Masculine,96,76,"[u'English', u'French', u'Dutch', u'Danish', u'Swedish', u'Slovak']",73,78
46,Dominic,69,Masculine,96,59,[u'English'],65,77
51,Leon,71,Masculine,97,58,"[u'English', u'German', u'Polish', u'Slovene', u'Croatian', u'Dutch', u'Ancient Greek']",63,82
55,Nate,37,Masculine,89,28,[u'English'],58,69
62,Harley,28,Masculine,52,25,[u'English'],28,79
92,Nixon,50,Masculine,100,67,[u'English (Modern)'],17,83
42,Phoenix,41,Masculine,50,40,[u'English (Modern)'],54,79
29,Charlotte,76,Feminine,4,59,"[u'French', u'English', u'German', u'Swedish', u'Norwegian', u'Danish', u'Dutch']",83,48
30,Olivia,72,Feminine,4,48,"[u'English', u'Italian', u'Spanish', u'German', u'Finnish', u'Swedish', u'Norwegian', u'Danish']",81,49
29,Amelia,68,Feminine,3,49,"[u'English', u'Spanish', u'Italian', u'Polish', u'Dutch', u'German', u'Ancient Germanic']",81,49
33,Mia,44,Feminine,4,33,"[u'Swedish', u'Norwegian', u'Danish', u'Dutch', u'German', u'English']",75,43
27,Isla,53,Feminine,2,43,"[u'Scottish', u'English']",81,45
36,Chloe,44,Feminine,8,34,"[u'English', u'Biblical', u'Biblical Latin', u'Biblical Greek', u'Ancient Greek', u'Greek Mythology']",72,39
24,Grace,74,Feminine,3,51,[u'English'],83,43
41,Zoe,43,Feminine,5,21,"[u'English', u'Italian', u'Ancient Greek']",71,61
39,Isabella,75,Feminine,4,45,"[u'Italian', u'German', u'English', u'Swedish', u'Norwegian', u'Danish', u'Dutch', u'Romanian']",84,42
46,Harper,47,Masculine,42,39,[u'English'],53,65
35,Sophie,66,Feminine,4,35,"[u'French', u'English', u'German', u'Dutch']",77,37
24,Emily,68,Feminine,5,40,[u'English'],78,43
34,Sophia,79,Feminine,4,55,"[u'English', u'Greek', u'German', u'Ancient Greek']",79,49
25,Ruby,69,Feminine,7,33,[u'English'],74,62
30,Evelyn,74,Masculine,5,63,"[u'English', u'German']",84,50
22,Ivy,64,Feminine,5,45,[u'English'],73,52
32,Evie,44,Feminine,3,23,[u'English'],77,29
29,Sienna,42,Feminine,4,30,[u'English (Modern)'],77,47
17,Willow,48,Feminine,11,32,[u'English (Modern)'],78,45
18,Lily,64,Feminine,2,34,[u'English'],78,32
28,Emma,74,Feminine,5,42,"[u'English', u'French', u'Italian', u'Spanish', u'Swedish', u'Norwegian', u'Danish', u'Icelandic', u'Finnish', u'Dutch', u'German', u'Ancient Germanic']",79,49
32,Matilda,85,Feminine,5,55,"[u'English', u'Swedish', u'Finnish']",76,78
23,Georgia,64,Feminine,5,58,"[u'English', u'Greek']",75,61
40,Audrey,79,Feminine,4,57,[u'English'],78,55
25,Hannah,62,Feminine,3,46,"[u'English', u'Hebrew', u'French', u'German', u'Dutch', u'Swedish', u'Arabic', u'Biblical']",74,48
35,Isabelle,69,Feminine,3,50,"[u'French', u'English', u'German', u'Dutch']",81,45
37,Mila,47,Feminine,1,34,"[u'Russian', u'Ukrainian', u'Bulgarian', u'Czech', u'Serbian', u'Croatian', u'Macedonian']",74,39
39,Scarlett,66,Feminine,4,48,[u'English'],75,65
25,Eva,65,Feminine,2,51,"[u'Spanish', u'Italian', u'Portuguese', u'English', u'Czech', u'Slovak', u'German', u'Dutch', u'Swedish', u'Norwegian', u'Danish', u'Icelandic', u'Greek', u'Slovene', u'Bulgarian', u'Croatian', u'Russian', u'Georgian', u'Old Church Slavic', u'Biblical Latin']",79,53
24,Lucy,81,Feminine,4,32,[u'English'],81,42
26,Abigail,72,Feminine,6,57,"[u'English', u'German', u'Biblical', u'Biblical Latin']",78,55
30,Layla,50,Feminine,3,32,"[u'Arabic', u'English']",76,46
25,Alice,75,Feminine,3,46,"[u'English', u'French', u'Portuguese', u'Italian', u'Czech']",80,40
39,Sofia,74,Feminine,4,47,"[u'Norwegian', u'Swedish', u'German', u'Italian', u'Portuguese', u'Catalan', u'Greek', u'Finnish', u'Estonian', u'Slovak', u'Romanian', u'Russian', u'Ukrainian', u'Bulgarian']",74,50
22,Annabelle,68,Feminine,1,46,"[u'English', u'French']",81,40
24,Violet,65,Feminine,2,47,[u'English'],82,40
34,Phoebe,70,Feminine,3,30,"[u'English', u'Greek Mythology (Latinized)', u'Biblical', u'Biblical Latin']",77,49
28,Elizabeth,85,Feminine,4,75,"[u'English', u'Biblical']",84,59
30,Ellie,50,Feminine,6,24,[u'English'],75,46
23,Sarah,71,Feminine,5,52,"[u'English', u'French', u'German', u'Hebrew', u'Arabic', u'Biblical', u'Biblical Hebrew']",75,51
24,Aurora,77,Feminine,2,47,"[u'Italian', u'Spanish', u'Portuguese', u'English', u'German', u'Romanian', u'Finnish', u'Roman Mythology']",82,43
42,Anna,78,Feminine,3,51,"[u'English', u'Italian', u'German', u'Dutch', u'Swedish', u'Norwegian', u'Danish', u'Finnish', u'Estonian', u'Latvian', u'Greek', u'Hungarian', u'Polish', u'Russian', u'Ukrainian', u'Belarusian', u'Czech', u'Slovak', u'Bulgarian', u'Icelandic', u'Faroese', u'Catalan', u'Occitan', u'Breton', u'Biblical', u'Old Church Slavic', u'Biblical Latin', u'Biblical Greek']",79,57
32,Claire,79,Feminine,4,52,"[u'French', u'English']",84,43
47,Piper,32,Feminine,20,17,[u'English (Modern)'],54,63
27,Savannah,53,Feminine,4,45,[u'English'],72,50
19,Hazel,69,Feminine,5,50,[u'English'],74,53
27,Jasmine,52,Feminine,5,26,"[u'English', u'French']",76,35
56,Mackenzie,28,Masculine,40,25,[u'English'],46,68
34,Penelope,87,Feminine,2,49,"[u'Greek Mythology', u'English']",85,46
33,Emilia,68,Feminine,3,49,"[u'Italian', u'Spanish', u'Romanian', u'Finnish', u'Polish', u'Swedish', u'Norwegian', u'Danish', u'English', u'Bulgarian']",79,48
10,Poppy,54,Feminine,6,21,[u'English (British)'],74,31
49,Florence,83,Masculine,28,64,"[u'English', u'French']",82,60
38,Chelsea,40,Feminine,6,32,[u'English'],71,58
44,Eleanor,88,Feminine,3,63,[u'English'],84,68
16,Summer,37,Feminine,8,27,[u'English'],78,48
68,Frankie,34,Masculine,55,18,[u'English'],51,64
33,Imogen,67,Feminine,5,54,[u'English (British)'],78,56
32,Harriet,85,Feminine,5,64,[u'English'],69,69
38,Aaliyah,39,Feminine,4,39,"[u'Arabic', u'English (Modern)']",74,51
40,Alexis,42,Masculine,18,39,"[u'German', u'French', u'English', u'Greek', u'Ancient Greek']",72,54
29,Elsie,75,Feminine,4,33,[u'English'],71,38
59,Maddison,31,Feminine,23,31,[u'English (Modern)'],55,53
40,Ariana,47,Feminine,2,42,"[u'Portuguese', u'English (Modern)']",78,43
32,Eloise,85,Feminine,3,52,[u'English'],85,41
26,Luna,57,Feminine,3,28,"[u'Roman Mythology', u'Italian', u'Spanish', u'English']",80,40
31,Bella,63,Feminine,11,31,[u'English'],68,32
14,Daisy,72,Feminine,3,17,[u'English'],75,25
17,Rose,72,Feminine,2,53,"[u'English', u'French']",82,44
27,Indiana,37,Masculine,47,33,[u'English'],40,80
54,Lola,43,Feminine,3,18,"[u'Spanish', u'English']",71,46
58,Addison,35,Masculine,47,45,[u'English'],58,67
27,Madeleine,74,Feminine,2,53,"[u'French', u'English', u'Swedish']",82,43
21,Bonnie,63,Feminine,4,33,[u'English'],71,47
32,Elena,76,Feminine,3,53,"[u'Italian', u'Spanish', u'Romanian', u'Bulgarian', u'Macedonian', u'Slovak', u'Lithuanian', u'Russian', u'Greek', u'German', u'English', u'Medieval Slavic']",81,50
57,Madison,27,Masculine,38,29,[u'English'],50,62
28,Eden,53,Masculine,24,38,"[u'Hebrew', u'English (Modern)']",77,50
23,Maryam,76,Feminine,5,67,"[u'Arabic', u'Persian', u'Urdu', u'Bashkir', u'Tatar']",80,57
28,Lillian,81,Feminine,3,62,[u'English'],85,41
17,Olive,78,Feminine,8,42,"[u'English', u'French']",78,42
48,Billie,55,Masculine,32,24,[u'English'],42,64
23,Lilly,52,Feminine,8,38,"[u'English', u'Norwegian', u'Danish', u'Swedish']",76,31
27,Freya,74,Feminine,6,31,"[u'Norse Mythology', u'English (British, Modern)', u'German']",75,72
32,Alyssa,37,Feminine,3,36,[u'English'],77,46
38,Eliza,73,Feminine,3,51,"[u'English', u'Polish', u'Portuguese (Brazilian)']",76,54
26,Isabel,71,Feminine,3,51,"[u'Spanish', u'Portuguese', u'English', u'French', u'German']",80,51
30,Zahra,53,Feminine,2,49,"[u'Arabic', u'Persian']",77,52
32,Victoria,78,Feminine,3,70,"[u'English', u'Spanish', u'Romanian', u'German', u'Swedish', u'Norwegian', u'Danish', u'Late Roman', u'Roman Mythology']",82,65
29,Jessica,53,Feminine,6,39,"[u'English', u'French', u'German', u'Swedish', u'Norwegian', u'Danish', u'Dutch', u'Italian', u'Spanish']",74,53
51,Harlow,32,Masculine,45,46,[u'English'],46,73
25,Millie,49,Feminine,1,16,[u'English'],61,28
36,Mariam,75,Feminine,16,66,"[u'Biblical Greek', u'Georgian', u'Armenian', u'Arabic']",67,52
